agg_næring,år,totGDP,secGDP_totGDP,GWh_gdp,fossGWh_totGWh,mtCO2e_fossGWh,mtCO2e,res
"Jordbruk, skogbruk og fiske",1990,1776729.0,0.012677791604684789,0.24759156492785794,1.9998206921283845,0.5546489733703936,6186.0,0.0
"Jordbruk, skogbruk og fiske",1991,1781787.0,0.01442091563132967,0.21043004475578905,2.0,0.5614943591640466,6072.0,0.0
"Jordbruk, skogbruk og fiske",1992,1833320.0,0.0137641001025462,0.21839581517000872,1.9998185447287244,0.5497686235368842,6059.0,0.0
"Jordbruk, skogbruk og fiske",1993,1857118.0,0.015550977374620245,0.22416897506925207,1.9998455359901144,0.46906619294044954,6073.0,0.0
"Jordbruk, skogbruk og fiske",1994,1961089.0,0.014942718051042048,0.2199017199017199,2.000155183116077,0.4699356040034138,6057.0,0.0
"Jordbruk, skogbruk og fiske",1995,2018526.0,0.014898990649612639,0.19525171244264147,2.0,0.5070674386920981,5955.0,0.0
"Jordbruk, skogbruk og fiske",1996,2117728.0,0.014139681772163374,0.21152818594710127,2.0,0.48642248184401643,6162.0,0.0
"Jordbruk, skogbruk og fiske",1997,2222870.0,0.013289576088570182,0.2097762431874344,2.0001613684040667,0.49035901573215007,6078.0,0.0
"Jordbruk, skogbruk og fiske",1998,2256049.0,0.013297140266013726,0.24897496583219442,2.0,0.41538358548667825,6205.0,0.0
"Jordbruk, skogbruk og fiske",1999,2293937.0,0.012986843143469066,0.2612198314927327,2.0,0.40542277049601644,6310.0,0.0
"Jordbruk, skogbruk og fiske",2000,2381713.0,0.01201488172588385,0.2646421582331563,2.000132048065496,0.400541361325675,6067.0,0.0
"Jordbruk, skogbruk og fiske",2001,2418961.0,0.011696344008853388,0.2816244300710423,2.0,0.3826556224899598,6098.0,0.0
"Jordbruk, skogbruk og fiske",2002,2419667.0,0.012918306527303138,0.24547315887132895,1.999869672878926,0.3934832192896709,6038.0,0.0
"Jordbruk, skogbruk og fiske",2003,2445845.0,0.012551490384713667,0.22189647871266166,2.0,0.4363623018203171,5945.0,0.0
"Jordbruk, skogbruk og fiske",2004,2517952.0,0.014124574257174085,0.19384226064951499,2.0001450536698577,0.4264268619914425,5880.0,0.0
"Jordbruk, skogbruk og fiske",2005,2489504.0,0.014898550072624908,0.18077648961984363,2.0001491424310216,0.43397211244500783,5820.0,0.0
"Jordbruk, skogbruk og fiske",2006,2541231.0,0.015042709615930232,0.17914039814790594,1.9998539719626167,0.4208105147864184,5763.0,0.0
"Jordbruk, skogbruk og fiske",2007,2579927.0,0.01578881883092041,0.16865517749300338,2.000145560407569,0.4184557164689615,5750.0,0.0
"Jordbruk, skogbruk og fiske",2008,2597209.0,0.016397602195279627,0.15990419836573683,1.9997063142437592,0.4184902335144661,5699.0,0.0
"Jordbruk, skogbruk og fiske",2009,2543097.0,0.017042212703644415,0.1656898938624827,2.000139256370979,0.400891178723108,5758.0,0.0
"Jordbruk, skogbruk og fiske",2010,2550537.0,0.018448271873726985,0.13761077933394258,1.9998455598455598,0.4288362035678431,5553.0,0.0
"Jordbruk, skogbruk og fiske",2011,2567673.0,0.01855493281270629,0.1230401108242554,2.0,0.46204367110201294,5417.0,0.0
"Jordbruk, skogbruk og fiske",2012,2637544.0,0.019375600937842175,0.11725109580463369,2.0,0.45385514018691586,5439.0,0.0
"Jordbruk, skogbruk og fiske",2013,2670968.0,0.01777744997319324,0.12440241770739001,2.0,0.46097850008464536,5446.0,0.0
"Jordbruk, skogbruk og fiske",2014,2722102.0,0.018600331655463313,0.11232027176489177,2.0001758396342537,0.48430769230769233,5509.0,0.0
"Jordbruk, skogbruk og fiske",2015,2768846.0,0.017276511586415425,0.12674554728656243,1.999670130298532,0.465522929726163,5644.0,0.0
"Jordbruk, skogbruk og fiske",2016,2794643.0,0.01608684901792465,0.14162421869786684,2.0,0.4520182189414167,5756.0,0.0
"Jordbruk, skogbruk og fiske",2017,2860728.0,0.01644301730188959,0.14358298433214992,2.0,0.4295972756884809,5803.0,0.0
"Jordbruk, skogbruk og fiske",2018,2888791.0,0.015912539190270254,0.15297598329272538,2.00014220705347,0.4147173835762531,5833.0,0.0
"Jordbruk, skogbruk og fiske",2019,2932024.0,0.016019991650818684,0.1477294500862234,2.0002882259691597,0.4160662824207493,5775.0,0.0
"Bergverksdrift og utvinning av råolje og naturgass, inkl. tjenester",1990,1776729.0,0.18325473383954446,0.08818958580317819,0.5974785818764365,0.5326416414082537,9138.0,0.0
"Bergverksdrift og utvinning av råolje og naturgass, inkl. tjenester",1991,1781787.0,0.20723689195173162,0.08094472067856098,0.5763324299909666,0.5160222918843609,8889.0,0.0
"Bergverksdrift og utvinning av råolje og naturgass, inkl. tjenester",1992,1833320.0,0.2196234154430214,0.07879743691635208,0.5535663630346392,0.5407959915731937,9498.0,0.0
"Bergverksdrift og utvinning av råolje og naturgass, inkl. tjenester",1993,1857118.0,0.22188789296102887,0.08206818225941098,0.4905671535868472,0.6078963230861965,10085.0,0.0
"Bergverksdrift og utvinning av råolje og naturgass, inkl. tjenester",1994,1961089.0,0.2407917233741049,0.077246756767059,0.4813169942703621,0.616335364811756,10821.0,0.0
"Bergverksdrift og utvinning av råolje og naturgass, inkl. tjenester",1995,2018526.0,0.2551168525944179,0.07653798353270157,0.45121022986755976,0.6522717049032839,11600.0,0.0
"Bergverksdrift og utvinning av råolje og naturgass, inkl. tjenester",1996,2117728.0,0.27134126762265975,0.0741889956441309,0.46541249325608125,0.627135729045915,12443.0,0.0
"Bergverksdrift og utvinning av råolje og naturgass, inkl. tjenester",1997,2222870.0,0.27467328273808184,0.07284915725322366,0.41884934463454665,0.6987117552334944,13017.0,0.0
"Bergverksdrift og utvinning av råolje og naturgass, inkl. tjenester",1998,2256049.0,0.2566132207234861,0.07480498573234853,0.42064793220495533,0.6958884558379536,12677.0,0.0
"Bergverksdrift og utvinning av råolje og naturgass, inkl. tjenester",1999,2293937.0,0.25188398809557544,0.07343122085959647,0.4445308633246129,0.7005461004188537,13213.0,0.0
"Bergverksdrift og utvinning av råolje og naturgass, inkl. tjenester",2000,2381713.0,0.2572942247869496,0.07684713308235464,0.3158285908434554,0.9623478787063807,14313.0,0.0
"Bergverksdrift og utvinning av råolje og naturgass, inkl. tjenester",2001,2418961.0,0.2590802414755757,0.0802371131553123,0.35613005866560604,0.8462698235425509,15155.0,0.0
"Bergverksdrift og utvinning av råolje og naturgass, inkl. tjenester",2002,2419667.0,0.2643826609198704,0.08073088454600308,0.37657082002129927,0.7611065405183052,14802.0,0.0
"Bergverksdrift og utvinning av råolje og naturgass, inkl. tjenester",2003,2445845.0,0.26273292052439956,0.08641091558720457,0.3104379772367094,0.8815407819932707,15196.0,0.0
"Bergverksdrift og utvinning av råolje og naturgass, inkl. tjenester",2004,2517952.0,0.2586749072261902,0.08754534944598062,0.3261254625488855,0.8277586577758658,15393.0,0.0
"Bergverksdrift og utvinning av råolje og naturgass, inkl. tjenester",2005,2489504.0,0.2522711351337455,0.09067878922981386,0.2938945372175104,0.9083467766027364,15203.0,0.0
"Bergverksdrift og utvinning av råolje og naturgass, inkl. tjenester",2006,2541231.0,0.23477794816764003,0.10026230882044836,0.26780788712616393,0.933458177278402,14954.0,0.0
"Bergverksdrift og utvinning av råolje og naturgass, inkl. tjenester",2007,2579927.0,0.22389858317696587,0.10458900149227376,0.2809236116858396,0.972307329719538,16502.0,0.0
"Bergverksdrift og utvinning av råolje og naturgass, inkl. tjenester",2008,2597209.0,0.21802211527836227,0.1146333150257219,0.2590470028192448,0.9567053226286054,16087.0,0.0
"Bergverksdrift og utvinning av råolje og naturgass, inkl. tjenester",2009,2543097.0,0.2196121500674178,0.11323288480648887,0.29963630613535736,0.7880099213678822,14932.0,0.0
"Bergverksdrift og utvinning av råolje og naturgass, inkl. tjenester",2010,2550537.0,0.20954763643891464,0.1279368482895788,0.25233631191775013,0.9284803523820563,16020.0,0.0
"Bergverksdrift og utvinning av råolje og naturgass, inkl. tjenester",2011,2567673.0,0.2000243021599713,0.1305361986148673,0.25950509374580494,0.9018852741694448,15691.0,0.0
"Bergverksdrift og utvinning av råolje og naturgass, inkl. tjenester",2012,2637544.0,0.1940691795094224,0.13433789312046512,0.2533630004508238,0.9013890483296981,15704.0,0.0
"Bergverksdrift og utvinning av råolje og naturgass, inkl. tjenester",2013,2670968.0,0.18763908815081273,0.13846377933588466,0.2593990921536134,0.8737847897339037,15729.0,0.0
"Bergverksdrift og utvinning av råolje og naturgass, inkl. tjenester",2014,2722102.0,0.18395122592761035,0.14507103571956367,0.2335150463918945,0.9766550728055179,16567.0,0.0
"Bergverksdrift og utvinning av råolje og naturgass, inkl. tjenester",2015,2768846.0,0.18801298447078674,0.14151166297526407,0.22471086496172016,1.0180620997946115,16853.0,0.0
"Bergverksdrift og utvinning av råolje og naturgass, inkl. tjenester",2016,2794643.0,0.18861514690785192,0.13731427097087526,0.22555954683614257,1.0015312997672425,16351.0,0.0
"Bergverksdrift og utvinning av råolje og naturgass, inkl. tjenester",2017,2860728.0,0.19343048342939279,0.13197205395480635,0.21945307899817876,0.9981904405341321,15997.0,0.0
"Bergverksdrift og utvinning av råolje og naturgass, inkl. tjenester",2018,2888791.0,0.1820270140692075,0.13545997056127554,0.22896251579390706,0.9657857624624441,15751.0,0.0
"Bergverksdrift og utvinning av råolje og naturgass, inkl. tjenester",2019,2932024.0,0.17839929004673905,0.13683037293216407,0.21965293690269938,0.999236689778004,15709.0,0.0
Industri,1990,1776729.0,0.09858959920167903,1.4809067918043923,2.2096404863418733,0.03522367645160277,20190.0,0.0
Industri,1991,1781787.0,0.09620173455076281,1.4418386217920671,2.2292845958073535,0.03366844477195301,18550.0,0.0
Industri,1992,1833320.0,0.09474777998385443,1.5369164608555983,2.2271778909003737,0.027503309041799043,16353.0,0.0
Industri,1993,1857118.0,0.09431172386461173,1.5408625847854387,2.239800058544755,0.028449480954547333,17197.0,0.0
Industri,1994,1961089.0,0.09063484625124102,1.5806754696387482,2.2487524648163046,0.028661150118076087,18108.0,0.0
Industri,1995,2018526.0,0.08592408519880348,1.539760147601476,2.2851237193697203,0.028656825987782176,17488.0,0.0
Industri,1996,2117728.0,0.0848725615376479,1.5820393129962111,2.290770913413352,0.027716412617461616,18054.0,0.0
Industri,1997,2222870.0,0.08436030896993527,1.559033073452715,2.2969937028181686,0.02651545046929935,17806.0,0.0
Industri,1998,2256049.0,0.08216266579316318,1.5833688492309683,2.286949144457543,0.026954105614445445,18092.0,0.0
Industri,1999,2293937.0,0.08077684783845415,1.6068743692558434,2.2776969863878636,0.026408840104868606,17910.0,0.0
Industri,2000,2381713.0,0.0769412603449702,1.6265797917621636,2.308279152156847,0.025787819858786868,17743.0,0.0
Industri,2001,2418961.0,0.07519220028764416,1.6418160726165147,2.328910841356216,0.02482777858458512,17267.0,0.0
Industri,2002,2419667.0,0.07511653463059173,1.4998707064927348,2.3705412821152407,0.025130060442128132,16240.0,0.0
Industri,2003,2445845.0,0.07642552982711497,1.6029102581249164,2.361796785304248,0.022550664098545753,15958.0,0.0
Industri,2004,2517952.0,0.07798361525557278,1.495663555019123,2.3786922812381888,0.02329546186538332,16274.0,0.0
Industri,2005,2489504.0,0.08194122202655629,1.583980822871373,2.3440940081269863,0.0209855484232123,15895.0,0.0
Industri,2006,2541231.0,0.08130272297166216,1.627223402659129,2.3473627226731786,0.019558250895548676,15435.0,0.0
Industri,2007,2579927.0,0.0825883833147217,1.5372127731471052,2.357370312361657,0.01950976913094495,15064.0,0.0
Industri,2008,2597209.0,0.0841141394473837,1.4384011864763666,2.400870683180794,0.019295106304013574,14557.0,0.0
Industri,2009,2543097.0,0.07884834907988174,1.5114128835671432,2.406791237581129,0.016400724412169138,11963.0,0.0
Industri,2010,2550537.0,0.08031720378884917,1.4559047507468807,2.443960502271622,0.017593658380653562,12824.0,0.0
Industri,2011,2567673.0,0.08074743162388669,1.5544703448076282,2.401501118547409,0.016526117363728332,12791.0,0.0
Industri,2012,2637544.0,0.08003999174990066,1.4993676252552,2.4203329858149307,0.016232698261863864,12436.0,0.0
Industri,2013,2670968.0,0.08150977473335509,1.50186945937256,2.409224643088705,0.01573343793517986,12394.0,0.0
Industri,2014,2722102.0,0.08231139024180578,1.3601713826653574,2.4611661635385222,0.015942618306413445,11958.0,0.0
Industri,2015,2768846.0,0.07723650936166186,1.5245164970821488,2.4368227171369243,0.015469432451823228,12290.0,0.0
Industri,2016,2794643.0,0.07325157453027095,1.3954580093008715,2.491561853486752,0.01684001702828353,11986.0,0.0
Industri,2017,2860728.0,0.07178732126927131,1.6600816111879395,2.417392885741858,0.014935569199407868,12309.0,0.0
Industri,2018,2888791.0,0.07247876360733609,1.609286642213052,2.4108343770218372,0.015145490514217902,12303.0,0.0
Industri,2019,2932024.0,0.07297859771952754,1.4846454025002922,2.437264894846023,0.015388827827236998,11915.0,0.0
"Energi- og vannforsyning, avløp og renovasjon",1990,1776729.0,0.032300367698168936,0.06713830176514662,1.8294835193355827,0.33550858277769896,2365.0,0.0
"Energi- og vannforsyning, avløp og renovasjon",1991,1781787.0,0.03166540108329447,0.07438719625671293,1.8313080771979986,0.30080666146239915,2312.0,0.0
"Energi- og vannforsyning, avløp og renovasjon",1992,1833320.0,0.031462046996705434,0.07317961165048543,1.7877280265339968,0.30188179167771007,2278.0,0.0
"Energi- og vannforsyning, avløp og renovasjon",1993,1857118.0,0.03021509672514078,0.07433215119491027,1.802445456725006,0.3071295557329077,2309.0,0.0
"Energi- og vannforsyning, avløp og renovasjon",1994,1961089.0,0.027783032794534056,0.09490685509773332,1.8108683040030942,0.2541648868005126,2380.0,0.0
"Energi- og vannforsyning, avløp og renovasjon",1995,2018526.0,0.028787838254250873,0.08706052418730317,1.802727811820518,0.26260964912280704,2395.0,0.0
"Energi- og vannforsyning, avløp og renovasjon",1996,2117728.0,0.025266228713035858,0.07920459005363784,1.7428032090608778,0.32534524776604384,2403.0,0.0
"Energi- og vannforsyning, avløp og renovasjon",1997,2222870.0,0.025777485862870972,0.093717277486911,1.764245810055866,0.24625290268102173,2333.0,0.0
"Energi- og vannforsyning, avløp og renovasjon",1998,2256049.0,0.02637664341510313,0.08128455475826374,1.7306181517469506,0.26508183012782227,2219.0,0.0
"Energi- og vannforsyning, avløp og renovasjon",1999,2293937.0,0.025621017490890116,0.08668946625151004,1.7519136408243376,0.23750840241989693,2120.0,0.0
"Energi- og vannforsyning, avløp og renovasjon",2000,2381713.0,0.02685797994972526,0.07502188594297149,1.7386955615753281,0.25910834132310645,2162.0,0.0
"Energi- og vannforsyning, avløp og renovasjon",2001,2418961.0,0.02752586751088587,0.08345848852577195,1.7016375742307,0.22662859560067683,2143.0,0.0
"Energi- og vannforsyning, avløp og renovasjon",2002,2419667.0,0.02712645996329247,0.08228590581531758,1.6667283836326605,0.23305932015107753,2098.0,0.0
"Energi- og vannforsyning, avløp og renovasjon",2003,2445845.0,0.023449973322103405,0.11306773602998867,1.6015420200462607,0.22453302522626611,2332.0,0.0
"Energi- og vannforsyning, avløp og renovasjon",2004,2517952.0,0.02405089533080853,0.10768011360821678,1.5942340131881614,0.21748749519045787,2261.0,0.0
"Energi- og vannforsyning, avløp og renovasjon",2005,2489504.0,0.028690855688522695,0.09937557752079075,1.6173570019723866,0.189198606271777,2172.0,0.0
"Energi- og vannforsyning, avløp og renovasjon",2006,2541231.0,0.027272609219704938,0.0936282572937408,1.6171983356449375,0.2221269296740995,2331.0,0.0
"Energi- og vannforsyning, avløp og renovasjon",2007,2579927.0,0.024955744871851024,0.1485462226640159,1.7696570472605604,0.158109305760709,2676.0,0.0
"Energi- og vannforsyning, avløp og renovasjon",2008,2597209.0,0.024462028277277646,0.1420521618686352,1.744819944598338,0.15907791960373405,2505.0,0.0
"Energi- og vannforsyning, avløp og renovasjon",2009,2543097.0,0.02346037135036532,0.250544735342429,1.8284720363928284,0.13950680521001024,3813.0,0.0
"Energi- og vannforsyning, avløp og renovasjon",2010,2550537.0,0.022862636378143113,0.25198929894361366,1.7402341091602014,0.16444409682843847,4205.0,0.0
"Energi- og vannforsyning, avløp og renovasjon",2011,2567673.0,0.02267928976937484,0.2285989044012845,1.6629356971153846,0.18204815467317162,4030.0,0.0
"Energi- og vannforsyning, avløp og renovasjon",2012,2637544.0,0.025129817739533444,0.17169324542478237,1.4675746924428823,0.21154421890904737,3533.0,0.0
"Energi- og vannforsyning, avløp og renovasjon",2013,2670968.0,0.024409128076412746,0.17461193938278421,1.4385980323260716,0.21804970385296452,3571.0,0.0
"Energi- og vannforsyning, avløp og renovasjon",2014,2722102.0,0.025464512351116894,0.15872008309649868,1.4359207416833304,0.22186352702873782,3505.0,0.0
"Energi- og vannforsyning, avløp og renovasjon",2015,2768846.0,0.025785110475627752,0.17225295889067863,1.461457147503659,0.18722528236799643,3365.0,0.0
"Energi- og vannforsyning, avløp og renovasjon",2016,2794643.0,0.025774669608962575,0.16883008704585525,1.422744840062495,0.19385042191654145,3354.0,0.0
"Energi- og vannforsyning, avløp og renovasjon",2017,2860728.0,0.025730862913216496,0.1717181322936054,1.4435126582278481,0.19045270196207387,3475.0,0.0
"Energi- og vannforsyning, avløp og renovasjon",2018,2888791.0,0.025506864290286143,0.1743933554095869,1.4238132295719845,0.18872977700043725,3453.0,0.0
"Energi- og vannforsyning, avløp og renovasjon",2019,2932024.0,0.023928862792391876,0.19087799315849488,1.4363799283154122,0.1679663131628197,3231.0,0.0
Bygge- og anleggsvirksomhet,1990,1776729.0,0.058221597103441214,0.04407215498240594,0.18622504935292827,1.2862190812720848,1092.0,0.0
Bygge- og anleggsvirksomhet,1991,1781787.0,0.05223239365872576,0.04955569643375203,0.19687771032090198,1.2147577092511013,1103.0,0.0
Bygge- og anleggsvirksomhet,1992,1833320.0,0.05125400912006633,0.049114031820358645,0.2255687973997833,1.0864553314121037,1131.0,0.0
Bygge- og anleggsvirksomhet,1993,1857118.0,0.0482231069862012,0.0578074054223056,0.1947073594745992,1.2817460317460319,1292.0,0.0
Bygge- og anleggsvirksomhet,1994,1961089.0,0.04761079175906856,0.05402221294005505,0.2268041237113402,1.090034965034965,1247.0,0.0
Bygge- og anleggsvirksomhet,1995,2018526.0,0.0492393954796718,0.0953305631294584,0.12295514511873351,1.1828326180257511,1378.0,0.0
Bygge- og anleggsvirksomhet,1996,2117728.0,0.049016209824868914,0.09998747627717888,0.12226611426919742,1.2222222222222223,1551.0,0.0
Bygge- og anleggsvirksomhet,1997,2222870.0,0.05157026726709164,0.09091543521119388,0.1358664363845711,1.0967514124293785,1553.0,0.0
Bygge- og anleggsvirksomhet,1998,2256049.0,0.05418056079455721,0.08635895086473486,0.13783630162940508,1.0914089347079037,1588.0,0.0
Bygge- og anleggsvirksomhet,1999,2293937.0,0.053261270906742424,0.08748710897215538,0.13453082608288894,1.1835883171070931,1702.0,0.0
Bygge- og anleggsvirksomhet,2000,2381713.0,0.05191599491626405,0.07936982911305389,0.14255145710209904,1.1186561829878485,1565.0,0.0
Bygge- og anleggsvirksomhet,2001,2418961.0,0.05045472002235671,0.08304109858416361,0.17779970399605327,0.9195338512763596,1657.0,0.0
Bygge- og anleggsvirksomhet,2002,2419667.0,0.05129507490080246,0.08201938493518213,0.1912573673870334,0.8741653826399589,1702.0,0.0
Bygge- og anleggsvirksomhet,2003,2445845.0,0.052719203383697656,0.07980270352016007,0.2663751214771623,0.6169281284202845,1691.0,0.0
Bygge- og anleggsvirksomhet,2004,2517952.0,0.052972415677502986,0.07915610802057249,0.2653911725705626,0.5938615274803711,1664.0,0.0
Bygge- og anleggsvirksomhet,2005,2489504.0,0.05584124387829865,0.07581806541645986,0.2730550284629981,0.5705350938151494,1642.0,0.0
Bygge- og anleggsvirksomhet,2006,2541231.0,0.058883273500126516,0.07373225694351626,0.2410948971268014,0.6593984962406015,1754.0,0.0
Bygge- og anleggsvirksomhet,2007,2579927.0,0.06391847521267074,0.07489766835450715,0.25123471783661244,0.6148888172736062,1908.0,0.0
Bygge- og anleggsvirksomhet,2008,2597209.0,0.06436909775070085,0.07422538581169996,0.2564267870094286,0.5845380263984915,1860.0,0.0
Bygge- og anleggsvirksomhet,2009,2543097.0,0.06100199874405105,0.08001469697165031,0.2521549987915895,0.5559105431309904,1740.0,0.0
Bygge- og anleggsvirksomhet,2010,2550537.0,0.059238505459830615,0.06909127010391157,0.4812721525050292,0.339171974522293,1704.0,0.0
Bygge- og anleggsvirksomhet,2011,2567673.0,0.060456296420922755,0.07054602143887859,0.5194046205825952,0.3143459915611814,1788.0,0.0
Bygge- og anleggsvirksomhet,2012,2637544.0,0.06310074827187717,0.07117664377429686,0.6142157690359615,0.2774876305662452,2019.0,0.0
Bygge- og anleggsvirksomhet,2013,2670968.0,0.06336579097915063,0.0721958309699376,0.6446517718307554,0.2778976767805002,2189.0,0.0
Bygge- og anleggsvirksomhet,2014,2722102.0,0.06337932965039517,0.07617446746848283,0.5815705372089484,0.2813031532120895,2150.0,0.0
Bygge- og anleggsvirksomhet,2015,2768846.0,0.06350082308658553,0.084004459004459,0.554637779282329,0.2706298828125,2217.0,0.0
Bygge- og anleggsvirksomhet,2016,2794643.0,0.06530530017608689,0.08225528067724172,0.5618172128963496,0.2578847521935025,2175.0,0.0
Bygge- og anleggsvirksomhet,2017,2860728.0,0.06582380429037643,0.08067274194918854,0.5521032190112567,0.2691069512340527,2257.0,0.0
Bygge- og anleggsvirksomhet,2018,2888791.0,0.06632186267542373,0.07921081476068688,0.56648655772272,0.27265325113411654,2344.0,0.0
Bygge- og anleggsvirksomhet,2019,2932024.0,0.06803934756332145,0.07387727890201662,0.6167729678382413,0.2393839383938394,2176.0,0.0
"Varehandel, rep. av motorvogner, overnatting og servering",1990,1776729.0,0.058936393788810784,0.11029088756040262,2.5385747683782145,0.03990722423084794,1170.0,0.0
"Varehandel, rep. av motorvogner, overnatting og servering",1991,1781787.0,0.0582836220042014,0.10718446975897698,2.5600574970802263,0.04011089275687816,1143.0,0.0
"Varehandel, rep. av motorvogner, overnatting og servering",1992,1833320.0,0.05779896581066044,0.09851458986070741,2.6000574767698055,0.042185542701348465,1145.0,0.0
"Varehandel, rep. av motorvogner, overnatting og servering",1993,1857118.0,0.056635065730879786,0.10608682424081081,2.6757483419967736,0.03902063236870311,1165.0,0.0
"Varehandel, rep. av motorvogner, overnatting og servering",1994,1961089.0,0.05892593349919356,0.0927924263795983,2.670521309335074,0.04012431903897192,1149.0,0.0
"Varehandel, rep. av motorvogner, overnatting og servering",1995,2018526.0,0.06077454538608866,0.08886896270633789,3.477160154100165,0.030890577186873484,1171.0,0.0
"Varehandel, rep. av motorvogner, overnatting og servering",1996,2117728.0,0.0634647131265205,0.088369878200311,3.492969605119138,0.031769753651834355,1318.0,0.0
"Varehandel, rep. av motorvogner, overnatting og servering",1997,2222870.0,0.06388902634881932,0.08880626967194068,3.3968442752933714,0.03284237062626923,1407.0,0.0
"Varehandel, rep. av motorvogner, overnatting og servering",1998,2256049.0,0.06725297189910326,0.08475805069665054,3.3837480559875583,0.033551648856716076,1460.0,0.0
"Varehandel, rep. av motorvogner, overnatting og servering",1999,2293937.0,0.06657113948639391,0.08557396372208761,3.3817722681359044,0.03443984341411536,1522.0,0.0
"Varehandel, rep. av motorvogner, overnatting og servering",2000,2381713.0,0.06811693936255124,0.08331740993003976,3.1720056225493822,0.03461143763410766,1484.0,0.0
"Varehandel, rep. av motorvogner, overnatting og servering",2001,2418961.0,0.06917680772860745,0.08078357317014868,3.20994229915668,0.035974373156342186,1561.0,0.0
"Varehandel, rep. av motorvogner, overnatting og servering",2002,2419667.0,0.06935169178238162,0.07993659420289854,3.2387058297301325,0.03609244084338459,1568.0,0.0
"Varehandel, rep. av motorvogner, overnatting og servering",2003,2445845.0,0.0711651801320198,0.07316484640265657,3.336317235963879,0.0358689512332894,1524.0,0.0
"Varehandel, rep. av motorvogner, overnatting og servering",2004,2517952.0,0.071678093943014,0.0670537782161102,3.4535613948107753,0.03517167125254217,1470.0,0.0
"Varehandel, rep. av motorvogner, overnatting og servering",2005,2489504.0,0.07343671671144132,0.06934651927295005,3.372219592995741,0.03258250882978972,1393.0,0.0
"Varehandel, rep. av motorvogner, overnatting og servering",2006,2541231.0,0.07671518252374539,0.06777087575852393,3.378595216469876,0.028831936914736324,1287.0,0.0
"Varehandel, rep. av motorvogner, overnatting og servering",2007,2579927.0,0.08189223958662396,0.0589181923171586,3.6872589974293057,0.02884594435608619,1324.0,0.0
"Varehandel, rep. av motorvogner, overnatting og servering",2008,2597209.0,0.08240037671207824,0.05814187121222741,3.69766133569075,0.02766789828298196,1273.0,0.0
"Varehandel, rep. av motorvogner, overnatting og servering",2009,2543097.0,0.08121593474413284,0.060453180981892125,3.658097068716963,0.027301587301587302,1247.0,0.0
"Varehandel, rep. av motorvogner, overnatting og servering",2010,2550537.0,0.08408072496105722,0.05593352327571333,3.407919966652772,0.03319634032976173,1357.0,0.0
"Varehandel, rep. av motorvogner, overnatting og servering",2011,2567673.0,0.08512415716487264,0.05333278431264898,3.5624088530496696,0.032316324319117684,1342.0,0.0
"Varehandel, rep. av motorvogner, overnatting og servering",2012,2637544.0,0.08656651794244949,0.05313525137633966,3.6345202769535114,0.029913366897990658,1319.0,0.0
"Varehandel, rep. av motorvogner, overnatting og servering",2013,2670968.0,0.08716877177113316,0.05117577579727263,3.7284095677717164,0.03164955879704664,1406.0,0.0
"Varehandel, rep. av motorvogner, overnatting og servering",2014,2722102.0,0.0900135263116518,0.04471362222784521,4.063618108798832,0.028099099301453247,1251.0,0.0
"Varehandel, rep. av motorvogner, overnatting og servering",2015,2768846.0,0.09196249990068064,0.043203864430742644,4.344059630942642,0.026261273514825587,1255.0,0.0
"Varehandel, rep. av motorvogner, overnatting og servering",2016,2794643.0,0.09362161821742526,0.0451041320292464,4.210236420642318,0.027493207205393982,1366.0,0.0
"Varehandel, rep. av motorvogner, overnatting og servering",2017,2860728.0,0.09321088897651227,0.042797514353968294,4.323781983876621,0.025008613177147723,1234.0,0.0
"Varehandel, rep. av motorvogner, overnatting og servering",2018,2888791.0,0.09460809037413921,0.04199002572236675,4.294614848379227,0.02497717358222583,1231.0,0.0
"Varehandel, rep. av motorvogner, overnatting og servering",2019,2932024.0,0.09659061453794375,0.04212834473845893,4.145000419076355,0.027581186557204675,1364.0,0.0
Andre tjenesteytende næringer,1990,1776729.0,0.24796071882656273,0.011058677725344392,1.4546387520525452,0.049527303513475375,351.0,0.0
Andre tjenesteytende næringer,1991,1781787.0,0.22340436876012676,0.012274562313626874,1.4023741301678265,0.049620548744892,340.0,0.0
Andre tjenesteytende næringer,1992,1833320.0,0.2209134248249078,0.013078850878384217,1.3332074759297716,0.04715378079864061,333.0,0.0
Andre tjenesteytende næringer,1993,1857118.0,0.220766262563822,0.013051569676259606,1.3337693888992712,0.0487599831862127,348.0,0.0
Andre tjenesteytende næringer,1994,1961089.0,0.21913232902739244,0.012309825986996729,1.3688090737240075,0.0466786355475763,338.0,0.0
Andre tjenesteytende næringer,1995,2018526.0,0.21063389820096445,0.013032434085189453,1.3244901642302833,0.05259572148794114,386.0,0.0
Andre tjenesteytende næringer,1996,2117728.0,0.2013653311473428,0.014700881959117056,1.3089806986760248,0.05020716548866683,412.0,0.0
Andre tjenesteytende næringer,1997,2222870.0,0.20080661487176488,0.014062419488895908,1.2991875099569858,0.05370938074800736,438.0,0.0
Andre tjenesteytende næringer,1998,2256049.0,0.2129435131949705,0.013051324803137313,1.3138755980861243,0.052561301286720076,433.0,0.0
Andre tjenesteytende næringer,1999,2293937.0,0.22468315389655427,0.012679250847385281,1.2970160673297628,0.05781028787163756,490.0,0.0
Andre tjenesteytende næringer,2000,2381713.0,0.22955536624270012,0.011010818769605019,1.4451827242524917,0.053908045977011494,469.0,0.0
Andre tjenesteytende næringer,2001,2418961.0,0.24395887325178042,0.011550056174348912,1.3293720657276995,0.05738880918220947,520.0,0.0
Andre tjenesteytende næringer,2002,2419667.0,0.2376050092843354,0.012149410792712093,1.3108088761632068,0.055155089558759286,505.0,0.0
Andre tjenesteytende næringer,2003,2445845.0,0.2438143054854253,0.010896614637483818,1.316712834718375,0.05808789153810192,497.0,0.0
Andre tjenesteytende næringer,2004,2517952.0,0.24662265206008693,0.011111397395101967,1.2552173913043478,0.05830735480891352,505.0,0.0
Andre tjenesteytende næringer,2005,2489504.0,0.2315071596591128,0.011696261568732238,1.3081145230677942,0.05647539124518031,498.0,0.0
Andre tjenesteytende næringer,2006,2541231.0,0.24498717353912336,0.010222160113979334,1.3543368950345696,0.056387051862164986,486.0,0.0
Andre tjenesteytende næringer,2007,2579927.0,0.24401116775784742,0.011508567489130797,1.270255348516218,0.05346082799087254,492.0,0.0
Andre tjenesteytende næringer,2008,2597209.0,0.24914629511910671,0.011625984221547401,1.2637245779609199,0.05227726938045651,497.0,0.0
Andre tjenesteytende næringer,2009,2543097.0,0.25193848288130577,0.013247927279992008,1.2742695570216778,0.0476146449704142,515.0,0.0
Andre tjenesteytende næringer,2010,2550537.0,0.25359914402339584,0.01901628598020451,1.4959349593495934,0.03771739130434783,694.0,0.0
Andre tjenesteytende næringer,2011,2567673.0,0.25604818058997386,0.017466020126306568,1.4853261342854656,0.03799249530956848,648.0,0.0
Andre tjenesteytende næringer,2012,2637544.0,0.2589317941236241,0.01716831833942461,1.4997867803837952,0.034404321865226045,605.0,0.0
Andre tjenesteytende næringer,2013,2670968.0,0.2642974382321316,0.017513067867918914,1.4866941680821808,0.036561479869423284,672.0,0.0
Andre tjenesteytende næringer,2014,2722102.0,0.26461242084242254,0.016194596155501444,1.4865837976853837,0.03563808315552736,618.0,0.0
Andre tjenesteytende næringer,2015,2768846.0,0.2639901244056188,0.016039444666378456,1.4738143978164449,0.03507147404363679,606.0,0.0
Andre tjenesteytende næringer,2016,2794643.0,0.2632257501226454,0.017581040262526135,1.3932575581844893,0.03995782229868472,720.0,0.0
Andre tjenesteytende næringer,2017,2860728.0,0.2628075790498083,0.017778167941571197,1.353658536585366,0.04073398551926159,737.0,0.0
Andre tjenesteytende næringer,2018,2888791.0,0.27214187526892736,0.017991225715852096,1.403987556561086,0.04023567328029006,799.0,0.0
Andre tjenesteytende næringer,2019,2932024.0,0.2753585918805576,0.015582926037767631,1.5273030760670854,0.027686703096539162,532.0,0.0
Transport,1990,1776729.0,0.09254422030596675,0.40183425978859794,1.6012229083424143,0.16968505425535937,17952.0,0.0
Transport,1991,1781787.0,0.0929740760259223,0.3653809006398648,1.5690165044854532,0.17201040317570626,16336.0,0.0
Transport,1992,1833320.0,0.08560644077411472,0.3571337547150576,1.5160749330954504,0.1773324232724534,15069.0,0.0
Transport,1993,1857118.0,0.08545606687351046,0.3332598202921198,1.4237365047552422,0.18792828685258964,14151.0,0.0
Transport,1994,1961089.0,0.08165412176601877,0.3443930282081546,1.4531080002901284,0.1850104821802935,14826.0,0.0
Transport,1995,2018526.0,0.08198655850853544,0.34248785439779567,1.409410892923305,0.19001301887737218,15179.0,0.0
Transport,1996,2117728.0,0.08170784916665408,0.4067500794636923,1.5195504532408854,0.17809423183012463,19047.0,0.0
Transport,1997,2222870.0,0.08066373652080419,0.426117509271911,1.5465610889339703,0.175872720348665,20782.0,0.0
Transport,1998,2256049.0,0.08294412045128452,0.38358111646697945,1.49403717016356,0.18164100746929754,19479.0,0.0
Transport,1999,2293937.0,0.07907976548614892,0.36191594452162024,1.421960915723577,0.1900359912592656,17741.0,0.0
Transport,2000,2381713.0,0.07846411385418814,0.38901642239095885,1.5159355699528192,0.17935339860444435,19766.0,0.0
Transport,2001,2418961.0,0.06574103509730003,0.5139066184562175,1.5624785864617492,0.17471728847539392,22310.0,0.0
Transport,2002,2419667.0,0.06412948558623977,0.4483863068079293,1.5125831812236803,0.1801294172423295,18957.0,0.0
Transport,2003,2445845.0,0.05901518698036875,0.42448490390877225,1.4104062280687437,0.19226541074094217,16615.0,0.0
Transport,2004,2517952.0,0.058347418854688256,0.4766329058781889,1.4929239557300964,0.18219471599931128,19047.0,0.0
Transport,2005,2489504.0,0.05832286270678818,0.45345225386549126,1.4403469068485244,0.18845103394459617,17871.0,0.0
Transport,2006,2541231.0,0.05937437407303783,0.6123180721613956,1.5709121215729145,0.17407241533744444,25264.0,0.0
Transport,2007,2579927.0,0.05655315053487948,0.5426481977752342,1.4747265516457422,0.18448955121616992,21541.0,0.0
Transport,2008,2597209.0,0.05006605167316146,0.4422834379229728,1.2671488932552033,0.21283018867924527,15510.0,0.0
Transport,2009,2543097.0,0.048144447498463486,0.4280848769969617,1.2151374658958656,0.2196925685754212,13992.0,0.0
Transport,2010,2550537.0,0.04810437958751432,0.4525315423988524,1.234285508447102,0.21484021596381148,14723.0,0.0
Transport,2011,2567673.0,0.050710507140122596,0.577529798476284,1.398249976728414,0.19327227595651802,20322.0,0.0
Transport,2012,2637544.0,0.0484875323406927,0.5937226323032654,1.3652311339391545,0.19781597885435356,20506.0,0.0
Transport,2013,2670968.0,0.04983923431504982,0.5696557215724277,1.3264057390020045,0.2035711445160264,20476.0,0.0
Transport,2014,2722102.0,0.047651043201173214,0.5716246116366384,1.243748819895881,0.21553042214727985,19876.0,0.0
Transport,2015,2768846.0,0.04630304466192775,0.7515716893125127,1.4043858192536012,0.1941014328892042,26266.0,0.0
Transport,2016,2794643.0,0.04475240665802394,0.5444601693492288,1.257658530854407,0.21061665829820525,18037.0,0.0
Transport,2017,2860728.0,0.04357457262626856,0.6168063856243231,1.3421730309020914,0.19726348634165722,20357.0,0.0
Transport,2018,2888791.0,0.04465397462121697,0.6817188129864492,1.3852556886023266,0.19329655715904054,23547.0,0.0
Transport,2019,2932024.0,0.0435685383202866,0.726750375751503,1.338126629182016,0.199591077767671,24795.0,0.0
"Undervisning, helse- og sosialtjenester",1990,1776729.0,0.14542397855835076,0.024560819571249986,6.430034667507091,0.004435730915329004,181.0,0.0
"Undervisning, helse- og sosialtjenester",1991,1781787.0,0.1498360915193567,0.024444144792041232,6.286699356420472,0.004241109513247373,174.0,0.0
"Undervisning, helse- og sosialtjenester",1992,1833320.0,0.15044509414613924,0.025589709006794435,6.149050722584302,0.0038248847926267283,166.0,0.0
"Undervisning, helse- og sosialtjenester",1993,1857118.0,0.15216480589817125,0.021012923407929564,7.5166722802290336,0.003651924541829099,163.0,0.0
"Undervisning, helse- og sosialtjenester",1994,1961089.0,0.14716619184544913,0.02047427981400248,7.48942291419868,0.003547621737656762,157.0,0.0
"Undervisning, helse- og sosialtjenester",1995,2018526.0,0.14434939158574128,0.02017002261705786,8.123702569338098,0.003518840458287079,168.0,0.0
"Undervisning, helse- og sosialtjenester",1996,2117728.0,0.1432403028150924,0.020804762909436152,7.845032482966249,0.0035548374065845286,176.0,0.0
"Undervisning, helse- og sosialtjenester",1997,2222870.0,0.14238529468659886,0.02076435052953517,7.7617163724893485,0.0033326798666928055,170.0,0.0
"Undervisning, helse- og sosialtjenester",1998,2256049.0,0.14226730004534477,0.02111776471981107,7.841546178813809,0.0031232361241768578,166.0,0.0
"Undervisning, helse- og sosialtjenester",1999,2293937.0,0.14340716418977503,0.02106594278453462,7.972871572871573,0.0032397017302541083,179.0,0.0
"Undervisning, helse- og sosialtjenester",2000,2381713.0,0.1403422662596207,0.017725987644163888,8.471392405063291,0.003347080270157193,168.0,0.0
"Undervisning, helse- og sosialtjenester",2001,2418961.0,0.14048262869885045,0.020251778872468526,7.728567276954374,0.0034970294051289764,186.0,0.0
"Undervisning, helse- og sosialtjenester",2002,2419667.0,0.1432767401464747,0.019300107879843775,7.620983410551487,0.0037260746783809224,190.0,0.0
"Undervisning, helse- og sosialtjenester",2003,2445845.0,0.14376381168880284,0.01754146474643369,8.435635538261998,0.0036132305740808365,188.0,0.0
"Undervisning, helse- og sosialtjenester",2004,2517952.0,0.1422378186716824,0.0195812904162525,7.612719235705119,0.0035963137783771634,192.0,0.0
"Undervisning, helse- og sosialtjenester",2005,2489504.0,0.14927350990398086,0.017469599076468514,8.277880468268638,0.0033308522515816895,179.0,0.0
"Undervisning, helse- og sosialtjenester",2006,2541231.0,0.1485701221179814,0.015007244054445625,9.71337804447582,0.0029071880223853477,160.0,0.0
"Undervisning, helse- og sosialtjenester",2007,2579927.0,0.15252679630082558,0.016871321548735985,8.946226841391775,0.0026602013671414623,158.0,0.0
"Undervisning, helse- og sosialtjenester",2008,2597209.0,0.15563899555253352,0.016117181682569447,9.195855717574828,0.0027373938008045267,164.0,0.0
"Undervisning, helse- og sosialtjenester",2009,2543097.0,0.15989991730555303,0.018006054480487702,8.322862605845398,0.003052182474565146,186.0,0.0
"Undervisning, helse- og sosialtjenester",2010,2550537.0,0.16280061806592103,0.01329868578543406,10.466678739587106,0.0035468968977628596,205.0,0.0
"Undervisning, helse- og sosialtjenester",2011,2567673.0,0.16312045965354624,0.0116727151179448,12.114747392104725,0.00303905181583346,180.0,0.0
"Undervisning, helse- og sosialtjenester",2012,2637544.0,0.16223805176330708,0.012028230235329859,12.154264620167087,0.0028133891748457433,176.0,0.0
"Undervisning, helse- og sosialtjenester",2013,2670968.0,0.16267585384774358,0.011597184823084819,13.042667195872196,0.0026170840814339186,172.0,0.0
"Undervisning, helse- og sosialtjenester",2014,2722102.0,0.16050574151887034,0.010537566975576373,15.14596003475239,0.0021941146102219928,153.0,0.0
"Undervisning, helse- og sosialtjenester",2015,2768846.0,0.1607146081797254,0.010285531939756492,15.555167140048066,0.0022613629979212316,161.0,0.0
"Undervisning, helse- og sosialtjenester",2016,2794643.0,0.16335968494008,0.010292816275748469,14.120451159821238,0.0024565951290089223,163.0,0.0
"Undervisning, helse- og sosialtjenester",2017,2860728.0,0.1612708373532891,0.010135428046264024,14.340034217279726,0.002281743072747338,153.0,0.0
"Undervisning, helse- og sosialtjenester",2018,2888791.0,0.15950375087709703,0.010198080182649592,15.005533092147266,0.001928777070244359,136.0,0.0
"Undervisning, helse- og sosialtjenester",2019,2932024.0,0.15802633266303415,0.009912871193105665,16.36664489440453,0.0017160644920981216,129.0,0.0
Offentlig administrasjon og forsvar,1990,1776729.0,0.0700905990727905,0.05741496161629139,0.5303496503496503,0.2616033755274262,992.0,0.0
Offentlig administrasjon og forsvar,1991,1781787.0,0.07374450481454854,0.054476129591999815,0.5621682034087734,0.22639165009940357,911.0,0.0
Offentlig administrasjon og forsvar,1992,1833320.0,0.07438472279798398,0.054645049167344965,0.5823939881910897,0.19953917050691244,866.0,0.0
Offentlig administrasjon og forsvar,1993,1857118.0,0.07478900102201368,0.04989488235463525,0.5914862914862915,0.19565747743352038,802.0,0.0
Offentlig administrasjon og forsvar,1994,1961089.0,0.07135831163195551,0.05237959125339431,0.5409276944065484,0.23379571248423708,927.0,0.0
Offentlig administrasjon og forsvar,1995,2018526.0,0.06828844414191346,0.05538224924188564,0.5336651820801677,0.21723122238586157,885.0,0.0
Offentlig administrasjon og forsvar,1996,2117728.0,0.06558585427401442,0.06276774207483458,0.4913971094287681,0.23996265172735762,1028.0,0.0
Offentlig administrasjon og forsvar,1997,2222870.0,0.06258440664546285,0.059834527771587945,0.5289524267179241,0.2066772655007949,910.0,0.0
Offentlig administrasjon og forsvar,1998,2256049.0,0.061961863416973656,0.05713611228351301,0.5432577939151121,0.18621802258584927,808.0,0.0
Offentlig administrasjon og forsvar,1999,2293937.0,0.06172880946599667,0.05954718153698394,0.5305977229601518,0.20630308448815377,923.0,0.0
Offentlig administrasjon og forsvar,2000,2381713.0,0.05849697255714689,0.045656496055927594,0.6247445370224808,0.1338701560140916,532.0,0.0
Offentlig administrasjon og forsvar,2001,2418961.0,0.05669128191814585,0.05727244884565461,0.6134453781512605,0.1444582814445828,696.0,0.0
Offentlig administrasjon og forsvar,2002,2419667.0,0.05479803625870833,0.06532773223322498,0.5611867928884784,0.19049578276074883,926.0,0.0
Offentlig administrasjon og forsvar,2003,2445845.0,0.05436239827135407,0.05545193363517396,0.6015190560151905,0.17158962795941377,761.0,0.0
Offentlig administrasjon og forsvar,2004,2517952.0,0.05330760872327987,0.05932531700266715,0.6040437021223157,0.16195426195426196,779.0,0.0
Offentlig administrasjon og forsvar,2005,2489504.0,0.05381674421892875,0.05293445889966188,0.6259165256627186,0.14372606442892544,638.0,0.0
Offentlig administrasjon og forsvar,2006,2541231.0,0.053073884271048165,0.04943910197000141,0.5845830833833233,0.168034889687019,655.0,0.0
Offentlig administrasjon og forsvar,2007,2579927.0,0.053866640412693845,0.050693664910917306,0.6332150461320085,0.12373907195696032,552.0,0.0
Offentlig administrasjon og forsvar,2008,2597209.0,0.05538329799411599,0.048108341096480864,0.6497109826589595,0.10854092526690391,488.0,0.0
Offentlig administrasjon og forsvar,2009,2543097.0,0.05883613562518457,0.05453597636774357,0.6281862745098039,0.11997658993367148,615.0,0.0
Offentlig administrasjon og forsvar,2010,2550537.0,0.06100087942264707,0.04537712504418807,0.843342776203966,0.07742693987235472,461.0,0.0
Offentlig administrasjon og forsvar,2011,2567673.0,0.0625344426646228,0.0433398933785063,0.7761172582267567,0.0814663951120163,440.0,0.0
Offentlig administrasjon og forsvar,2012,2637544.0,0.06206076562135077,0.04324690875323787,0.7994066958609973,0.06944689874536138,393.0,0.0
Offentlig administrasjon og forsvar,2013,2670968.0,0.0613174699210174,0.04427361595340005,0.7758929802785822,0.07536437966583719,424.0,0.0
Offentlig administrasjon og forsvar,2014,2722102.0,0.06351047829949061,0.03951828414756886,0.7628805620608899,0.07310053722179585,381.0,0.0
Offentlig administrasjon og forsvar,2015,2768846.0,0.06521778387097008,0.036554840567510995,0.798818360854416,0.057462545040773756,303.0,0.0
Offentlig administrasjon og forsvar,2016,2794643.0,0.06600699982072844,0.03633189856125248,0.802894658310952,0.05575171901133618,300.0,0.0
Offentlig administrasjon og forsvar,2017,2860728.0,0.06592063278997513,0.036127711699481924,0.7896668134448848,0.05520446096654275,297.0,0.0
Offentlig administrasjon og forsvar,2018,2888791.0,0.0668452650260957,0.03488311876624789,0.8010688836104513,0.045774647887323945,247.0,0.0
Offentlig administrasjon og forsvar,2019,2932024.0,0.06708983282537932,0.033099654820064155,0.8120104438642297,0.039530924910156987,209.0,0.0
